id,email,country,account
1,aattewill0@devhub.com,China,3582433654332835
2,lcrickmore1@reference.com,Peru,3549347289013721
3,mscarr2@gov.uk,Kazakhstan,374622152911284
4,agemelli3@cbslocal.com,Nepal,3547583830332853
5,rstammirs4@usda.gov,China,30460647252899
6,vfootitt5@icio.us,Czech Republic,3562767820540811
7,hriddett6@123-reg.co.uk,China,5002352945503953
8,garpur7@diigo.com,China,3528023854136461
9,gpotteridge8@gravatar.com,China,3573284741041488
10,nthornham9@oaic.gov.au,Norway,3528953151998199
11,kbramwella@lycos.com,Poland,3528814647616144
12,harnaudetb@bigcartel.com,Japan,5602229494663483
13,sflintoftc@cocolog-nifty.com,Indonesia,3550786876236359
14,ckauscherd@mediafire.com,Argentina,675901557459943385
15,kfaithorne@xrea.com,Russia,4017951966209
16,ranfonsif@opensource.org,Albania,3584719833648507
17,swoodfieldg@kickstarter.com,Germany,6386862982171021
18,ttoobyh@posterous.com,China,502081955169313410
19,ntailbyi@addthis.com,Burkina Faso,560221709421730831
20,nbissikerj@meetup.com,Moldova,5479967855463981
21,bberntssenk@redcross.org,Indonesia,5602228334255369
22,groncellil@java.com,China,676742732360775371
23,usainteaum@ebay.com,China,3572451900517373
24,rkendredn@answers.com,Russia,4175006587770486
25,gfardeno@va.gov,France,3580053046185493
26,dkirmanp@a8.net,Mauritius,201979035288622
27,fgreserq@zimbio.com,Dominican Republic,5293624830296168
28,kvailr@youtube.com,Portugal,3567417184396757
29,cjeannenets@smugmug.com,China,3573798150928455
30,bdittyt@studiopress.com,Greece,4017950816405
31,pstoditu@1und1.de,Greece,3562008328955452
32,hattenbarrowv@mapquest.com,Philippines,3576033477826191
33,bniblockw@nationalgeographic.com,China,3563292654155221
34,dhulkex@shinystat.com,Iceland,6333426745076741342
35,hhavisy@noaa.gov,Canada,3571593213603456
36,miacomiz@japanpost.jp,Poland,3580393900849333
37,tayliff10@dell.com,Poland,6706191288045852809
38,cmaraga11@dot.gov,Philippines,30092099249659
39,ldunbar12@smh.com.au,Brazil,3551894264406474
40,jbyrcher13@diigo.com,France,3536273633929740
41,jlilliman14@blogs.com,Philippines,5565189530589578
42,ventissle15@virginia.edu,Kuwait,3574177018009676
43,ssheldrick16@java.com,Thailand,4844244227625783
44,rnorthing17@vimeo.com,Peru,3529495824361701
45,hmulvin18@so-net.ne.jp,Indonesia,633110916538501190
46,bwinser19@twitpic.com,Russia,30354301594573
47,rcooch1a@quantcast.com,Japan,3564885781855891
48,eberk1b@simplemachines.org,China,3552672432086017
49,snassy1c@taobao.com,Russia,3553726905183963
50,rtomlett1d@google.it,Indonesia,4026986863187763
51,bchalke1e@aboutads.info,France,3549706103046953
52,dmorrel1f@nih.gov,France,3574367318421727
53,afylan1g@cdbaby.com,Canada,3570699149300116
54,eossenna1h@hatena.ne.jp,China,676148651782923296
55,nalvarado1i@themeforest.net,Poland,4905449276732754
56,lridsdell1j@issuu.com,Sweden,3538571478540169
57,spound1k@goo.gl,China,3570775574294642
58,lpettegree1l@bing.com,Portugal,5641827022682987186
59,lbocking1m@jugem.jp,Canada,201764524528278
60,ahourihane1n@cnet.com,Philippines,06047614669414211
61,rrichards1o@home.pl,Canada,3545164902022334
62,cbamell1p@baidu.com,China,3550503661812793
63,adoghartie1q@kickstarter.com,Uruguay,3552422353290424
64,lallabarton1r@foxnews.com,China,3530857389141967
65,mpetrecz1s@pen.io,United States,3569218379803203
66,kwinkett1t@npr.org,Indonesia,3581629371520583
67,nmartin1u@themeforest.net,Czech Republic,4913496147292039
68,rhouten1v@telegraph.co.uk,China,6398142446492545
69,amckellen1w@jiathis.com,Portugal,374211696280966
70,bdubbin1x@japanpost.jp,France,5641827154973000328
71,fmacbain1y@multiply.com,Philippines,5610777452279965706
72,cprichard1z@youtube.com,Russia,3585832250903823
73,dcorbin20@nba.com,China,5472465522985053
74,wvasilyev21@posterous.com,China,5610617395820675
75,hgarside22@netlog.com,Japan,630412223166852594
76,bseyffert23@umn.edu,Nigeria,503851050395687104
77,hszachniewicz24@yahoo.com,Kosovo,3537856748956522
78,pskydall25@google.it,China,50383741479082613
79,ffardoe26@typepad.com,Japan,560222781419658208
80,sbraizier27@nsw.gov.au,Aruba,5602236713507847
81,zcrockatt28@vkontakte.ru,United States,4905774372255870951
82,athorneley29@mozilla.com,China,30295784768939
83,rabbs2a@i2i.jp,Slovenia,3566340700735038
84,nrossant2b@1688.com,Ukraine,4903534268787614212
85,mbarrack2c@51.la,United States,5010129730973157
86,kpurkess2d@webmd.com,Brazil,3530662811341569
87,rsanbrook2e@prweb.com,Indonesia,3579963795583172
88,adarwin2f@chronoengine.com,Russia,5641823448170513
89,acastellone2g@answers.com,Belarus,3570668239541871
90,bstrodder2h@pcworld.com,China,3571685692469324
91,kbittlestone2i@naver.com,Brazil,5425397865602847
92,lpozer2j@umn.edu,Russia,5002352684708557
93,odomaschke2k@ucla.edu,Indonesia,3531691878632833
94,dsamart2l@earthlink.net,Argentina,3534220764208982
95,dsalsberg2m@psu.edu,China,3554567086294453
96,tcastro2n@canalblog.com,United Kingdom,201811360146713
97,lellen2o@sitemeter.com,Panama,6374272715891370
98,cvolet2p@cargocollective.com,Philippines,4844180699727287
99,ycalvie2q@odnoklassniki.ru,Peru,3544703598747158
100,tdelle2r@time.com,China,3538166860166184
101,mcoard2s@hao123.com,Indonesia,3558289946991162
102,dtinmouth2t@tamu.edu,Portugal,3541681495660125
103,psharma2u@zdnet.com,Indonesia,3533954067847838
104,mraeburn2v@dell.com,Sweden,3560126979002788
105,lgreenier2w@house.gov,China,3533842098393775
106,jrussam2x@netvibes.com,Mexico,3564015884040429
107,sandrusyak2y@huffingtonpost.com,Azerbaijan,3565589812325366
108,econigsby2z@blogger.com,Brazil,5108754010937482
109,lflobert30@ucsd.edu,Indonesia,374283625521646
110,ahailston31@hugedomains.com,Indonesia,30351641916029
111,jconachie32@biglobe.ne.jp,Macedonia,3550235100604917
112,hmcteggart33@spiegel.de,Philippines,3582010587694810
113,bdominicacci34@fastcompany.com,Mexico,5525184256046902
114,mmuggeridge35@aol.com,Philippines,5893153305719508
115,bgianiello36@hatena.ne.jp,China,4017955493507
116,dcourtin37@usatoday.com,China,30372899653148
117,mvogeller38@blinklist.com,Indonesia,30502972732613
118,skadd39@example.com,Colombia,30469295762745
119,jlevett3a@scientificamerican.com,Portugal,201512901936527
120,cglavias3b@pbs.org,Brazil,5502775175031789
121,gfarn3c@blog.com,China,3536826608584251
122,wdmiterko3d@who.int,Uganda,3559439704127215
123,kmosconi3e@so-net.ne.jp,Czech Republic,5527975498129499
124,ccraydon3f@weibo.com,France,5002355864816215
125,mdroogan3g@aboutads.info,Vietnam,201662061592972
126,mcoundley3h@xinhuanet.com,Paraguay,5595875118462220
127,kmcelory3i@goo.gl,Angola,5893484446417742338
128,temm3j@newyorker.com,Indonesia,3589161343646058
129,lstrowther3k@livejournal.com,China,3588913472512258
130,mmerigon3l@flickr.com,Malaysia,4936432861665224386
131,hborghese3m@jiathis.com,Laos,560224582727492290
132,rdanat3n@independent.co.uk,Russia,5198847988016817
133,lmyerscough3o@infoseek.co.jp,Japan,347517494581130
134,wruffler3p@hp.com,Madagascar,5010120882912374
135,fpleasants3q@amazonaws.com,Sweden,3528696587663123
136,egourlay3r@home.pl,Mongolia,67636284713156942
137,rjillis3s@ted.com,China,4026813359286083
138,bpeperell3t@nbcnews.com,Peru,3562364722255407
139,ebolingbroke3u@chron.com,United States,3549072626467501
140,kbuie3v@studiopress.com,Colombia,3530415079439835
141,hbonnor3w@1und1.de,Philippines,5010125301504009
142,rsimukov3x@spiegel.de,China,3547427557954269
143,gharbidge3y@comcast.net,Democratic Republic of the Congo,5602258153251421
144,aluberti3z@webeden.co.uk,Russia,3546729967853671
145,tlambswood40@printfriendly.com,China,4041377962447616
146,ssultana41@yellowbook.com,Russia,5100179257994145
147,soneil42@wp.com,United States,3534995559624101
148,vbartoshevich43@ustream.tv,Poland,201433562998070
149,rboreham44@economist.com,Indonesia,4175009754549733
150,umaylam45@jimdo.com,France,6706039140736846
151,pfayter46@github.io,Kenya,201706320542730
152,bffrenchbeytagh47@miibeian.gov.cn,Vietnam,5602255598220491487
153,rlevey48@fema.gov,Kenya,4917114000371552
154,bpeinton49@mtv.com,Portugal,201565595721605
155,ocrawshay4a@unesco.org,Indonesia,3549172839830915
156,mtreske4b@free.fr,Portugal,3529286499027945
157,ysmullin4c@ed.gov,"Bonaire, Saint Eustatius and Saba ",3529054144833665
158,bpastor4d@google.cn,China,6334719254572421180
159,sscrange4e@prweb.com,Brazil,3549951719571370
160,cbraffington4f@hao123.com,France,4041590644860
161,jgumm4g@berkeley.edu,Uruguay,3562343808001018
162,cbronot4h@baidu.com,Russia,56022500642246743
163,kbiernat4i@walmart.com,China,5010125636143374
164,kdrinkwater4j@google.com.hk,Japan,5641825647174316205
165,sborwick4k@msn.com,China,5522913959694078
166,wagius4l@csmonitor.com,Brazil,5602225383377292
167,mflaverty4m@odnoklassniki.ru,Canada,3581251905168118
168,ctrimme4n@squarespace.com,Indonesia,201415861356910
169,lbeetham4o@prlog.org,France,3561457780586811
170,dkundt4p@cornell.edu,Kenya,5100141260811922
171,slongstaff4q@noaa.gov,Indonesia,3555487093592600
172,lpettersen4r@blogs.com,China,3566058985046687
173,qfoote4s@issuu.com,South Korea,201429313575423
174,ewoodman4t@twitter.com,Italy,4041377346887
175,vgrieveson4u@printfriendly.com,Portugal,5602228672933171
176,knelle4v@ibm.com,Tanzania,3530594966568847
177,wlumbley4w@gravatar.com,Czech Republic,5583630613926979
178,amercy4x@illinois.edu,Poland,3584807633868332
179,byakobovitz4y@gmpg.org,Brazil,6334478077837106853
180,asmewing4z@bluehost.com,Sierra Leone,3557702446580245
181,cmacgilpatrick50@acquirethisname.com,Luxembourg,5384865953716967
182,pwanjek51@tiny.cc,Philippines,5100177059232920
183,rroseman52@163.com,Croatia,3545353073321431
184,pbrowse53@earthlink.net,China,3534022618582368
185,jscardifeild54@friendfeed.com,Bulgaria,3574440654029121
186,mfreire55@github.io,China,3572282865284026
187,thonniebal56@fotki.com,New Zealand,374283429219405
188,bcokly57@eventbrite.com,Ireland,4508296472505927
189,mbrumfitt58@discuz.net,Indonesia,56109318621958634
190,jewart59@wordpress.com,Brazil,3529738820168723
191,tdecarlo5a@newsvine.com,Portugal,5100139183226525
192,temlin5b@bloglovin.com,Bulgaria,3561947014492505
193,bswalteridge5c@vimeo.com,Indonesia,560223614550471231
194,atwohig5d@oakley.com,Palestinian Territory,201881103821351
195,lbaddiley5e@chron.com,United States,3529360200528689
196,cbowkley5f@ask.com,Indonesia,3539803737264268
197,abrockett5g@reuters.com,China,676371535446139332
198,fledgley5h@admin.ch,Venezuela,30528700110582
199,rnormadell5i@slashdot.org,Malaysia,3548234424266490
200,upassler5j@narod.ru,France,3586127630189675
201,nhigounet5k@symantec.com,France,3550409770702208
202,vmccomiskie5l@bravesites.com,Iran,4917954624622884
203,rchecchi5m@facebook.com,Ukraine,374283640908166
204,kallom5n@umich.edu,Puerto Rico,3549085561529929
205,scharrington5o@noaa.gov,Sweden,3581519325287076
206,mbackson5p@51.la,Nigeria,3567219031021566
207,dodde5q@ucla.edu,Philippines,3549060107118388
208,bdunlap5r@acquirethisname.com,Japan,4026075386219574
209,atumulty5s@google.ca,Togo,3559207355532342
210,gmacpake5t@altervista.org,Macedonia,3541861473862220
211,ksedcole5u@163.com,China,201616597674555
212,dwilgar5v@go.com,Thailand,630438116030692669
213,aposner5w@biblegateway.com,Japan,6709420426569407
214,ejindra5x@pen.io,Ireland,3564692825616507
215,ewatsonbrown5y@foxnews.com,China,374622656381224
216,minman5z@toplist.cz,Philippines,3582525918279015
217,cknightsbridge60@cnet.com,United States,3563093082071000
218,atomich61@hexun.com,Sweden,3546597241492602
219,jvogel62@cnn.com,China,379180136247304
220,hmattiello63@shutterfly.com,Curacao,4041378031241063
221,mklimaszewski64@craigslist.org,Yemen,5466467923978941
222,rmcclory65@friendfeed.com,Croatia,5602212308149782
223,pchilcott66@wix.com,Indonesia,3570706639891528
224,rculvey67@sun.com,Philippines,30177578011249
225,ffordham68@privacy.gov.au,Poland,30099993997515
226,dtrower69@princeton.edu,Russia,372301696954736
227,agosland6a@php.net,China,56022202214891473
228,spepineaux6b@networkadvertising.org,Sweden,3554742847462919
229,wcossentine6c@yandex.ru,Cuba,374288246166598
230,hfeehily6d@bbb.org,Portugal,3573906841480881
231,aconeley6e@loc.gov,China,6759363664399757
232,ehaggish6f@forbes.com,Ukraine,3546803750917116
233,mgoalby6g@vistaprint.com,Indonesia,3549293113862026
234,cbauldry6h@zdnet.com,Lithuania,5151756736944003
235,amaryska6i@google.ca,Czech Republic,3572221630948796
236,sponten6j@elpais.com,Greece,3562490214406693
237,amccomiskie6k@yale.edu,Indonesia,630488183270633695
238,gpoytres6l@google.cn,Chile,3547907195736533
239,ltennant6m@de.vu,China,3562367018368875
240,esorrel6n@omniture.com,Thailand,561030499611100214
241,eaburrow6o@shutterfly.com,China,3585985922515092
242,lseally6p@ovh.net,Cameroon,4404716848429
243,bmorrieson6q@infoseek.co.jp,Italy,3578845740918374
244,bblencowe6r@ask.com,Philippines,3585791624865474
245,mblezard6s@mozilla.org,Colombia,3580052647004152
246,rlubman6t@yale.edu,China,374283893314179
247,troath6u@walmart.com,France,3572590148268867
248,dsikora6v@google.cn,Russia,5268424257770725
249,dnorcross6w@ca.gov,Moldova,3548919351394428
250,vwhittington6x@reverbnation.com,Russia,3561139181227225
251,choyte6y@apache.org,Japan,3583672350740739
252,ckilmurray6z@qq.com,Brazil,3538546475522139
253,lgarry70@telegraph.co.uk,Finland,3570018383842727
254,ldelabarre71@tiny.cc,Russia,5432598764871885
255,ghattrick72@slashdot.org,China,6304523215618878
256,tmackintosh73@foxnews.com,China,6334043606736316
257,cfrisby74@github.io,Myanmar,3560232324403455
258,klipprose75@purevolume.com,China,3550027843462384
259,bgarred76@moonfruit.com,Indonesia,3585698909961508
260,bstearn77@house.gov,Indonesia,4844266628379579
261,cbogie78@godaddy.com,Thailand,4905294517737141402
262,mpumfrey79@weebly.com,China,6334421428943932
263,ccampbelldunlop7a@bbc.co.uk,Poland,3572764244984657
264,ndrewclifton7b@mit.edu,Vietnam,6762520117506792
265,nwolton7c@imgur.com,Peru,3566328218881758
266,hmohring7d@usatoday.com,Japan,56022255313147353
267,aanelay7e@163.com,China,3582236623153632
268,abrealey7f@ibm.com,Indonesia,493605282520165481
269,glowmass7g@aol.com,China,3574804445815983
270,scronin7h@addthis.com,China,4273006105314107
271,cyakovl7i@salon.com,China,675946672429045265
272,aabel7j@hexun.com,South Korea,3529092517698042
273,pmcreath7k@domainmarket.com,Ukraine,3528263440609437
274,svasnev7l@bandcamp.com,China,201604078081391
275,dlittlemore7m@china.com.cn,China,6706361006458376
276,dbutterly7n@is.gd,China,4917618652110134
277,cheartfield7o@1688.com,Ukraine,3563281379779290
278,kbau7p@domainmarket.com,South Africa,4405326143755934
279,aingray7q@microsoft.com,Syria,3539604810122922
280,krodolf7r@mozilla.com,Indonesia,201698654545928
281,mrock7s@pcworld.com,China,5602241998185616
282,krevington7t@netlog.com,Palau,4729715099156
283,bdallaghan7u@goodreads.com,China,3576239730948124
284,gasty7v@irs.gov,Ghana,5602211087615872
285,agordge7w@biblegateway.com,Lithuania,4917678834688936
286,scurston7x@ucoz.ru,Indonesia,3540834841307468
287,mravilious7y@arstechnica.com,Marshall Islands,3553788941738085
288,reccersley7z@twitpic.com,Ukraine,3538603986981856
289,jjurisic80@aol.com,Kenya,5602254029402157
290,lwestby81@clickbank.net,Albania,6759594083596542210
291,mdwyr82@skyrock.com,Philippines,5602211021246784
292,afoskew83@washington.edu,Brazil,6333533564980279
293,mjerzak84@com.com,Russia,676298866937980037
294,hgentric85@blogs.com,China,3577343346508741
295,hbourke86@jigsy.com,Russia,6763271944988556641
296,amuffett87@cdbaby.com,Poland,3546938461934313
297,mstoppe88@imdb.com,Slovenia,6304011124021459
298,mceney89@wikipedia.org,Philippines,676742952235856236
299,vbrickner8a@nbcnews.com,Japan,30186704399196
300,ozimmer8b@shareasale.com,China,3542337571413298
301,olowman8c@umn.edu,Indonesia,5530236983576586
302,fkordt8d@sciencedirect.com,Russia,3551814006388392
303,asiemantel8e@dailymotion.com,China,5265517833510763
304,ceallis8f@noaa.gov,China,4405064343162128
305,tdrewitt8g@vkontakte.ru,Russia,3553320283767827
306,psummerlad8h@webnode.com,Philippines,5602219295745107384
307,jribey8i@dion.ne.jp,Mexico,6771707415974322295
308,aleather8j@deviantart.com,Zambia,5602259910014227
309,hkeavy8k@techcrunch.com,Philippines,4026239892268166
310,mwatling8l@opensource.org,Bulgaria,3560507014917942
311,mgisbourn8m@msu.edu,China,3552622653312576
312,smilesap8n@rambler.ru,Argentina,3546327877803868
313,awhimpenny8o@github.com,Russia,5610801969750225
314,wvitte8p@cbc.ca,Portugal,50384755556068187
315,lethelstone8q@qq.com,Zambia,5610360424925054
316,atebbe8r@senate.gov,Colombia,3544205515958314
317,chaitlie8s@zimbio.com,Cuba,3568535860821357
318,eastles8t@mozilla.com,Japan,3534870124062998
319,rfairham8u@wordpress.org,China,5602259681740828
320,wfabri8v@sfgate.com,Russia,502099935242691461
321,cvondrys8w@goo.gl,Indonesia,3574191237778649
322,gklemps8x@multiply.com,Czech Republic,5048370620749432
323,rhooke8y@mail.ru,Brazil,5100176969094776
324,tdyball8z@dailymotion.com,Colombia,30498974647570
325,mpaquet90@theglobeandmail.com,China,3532748717384205
326,abattrum91@seattletimes.com,Brazil,3536538826065811
327,byannikov92@comcast.net,Sweden,3563070826605822
328,ahinze93@techcrunch.com,Costa Rica,3568871698148188
329,dschenkel94@washington.edu,Thailand,6379673363742903
330,glyven95@youtu.be,Mauritania,3548335610634233
331,drawet96@ox.ac.uk,Portugal,3568232724749103
332,vlowseley97@people.com.cn,Madagascar,3574412487225390
333,chalifax98@tumblr.com,China,3584138252622432
334,rhailston99@sina.com.cn,China,3534457730384394
335,qabbado9a@vk.com,Indonesia,3551107402218796
336,njackling9b@acquirethisname.com,China,6759826095892855823
337,bbranch9c@ning.com,Greece,56101686941419240
338,bgrinyakin9d@unesco.org,Argentina,3528425991156106
339,jinnerstone9e@cam.ac.uk,Mexico,67710351960634738
340,llawton9f@princeton.edu,Peru,3578866915095566
341,kpawlowicz9g@twitter.com,Mongolia,30401516067430
342,mantonignetti9h@businessinsider.com,France,6709949723049347090
343,dmarkwelley9i@goodreads.com,Canada,5602214814883983409
344,ngoldsby9j@answers.com,China,5002350547849949
345,tdymock9k@zimbio.com,Belgium,3531125682299463
346,zreaditt9l@mtv.com,Poland,3588916148113575
347,esemens9m@smh.com.au,United Arab Emirates,201639134808403
348,kgiannasi9n@engadget.com,Cuba,5162697486987296
349,gheggison9o@icio.us,Indonesia,3587750839948630
350,esilman9p@smh.com.au,Grenada,5602235149486642
351,bchiplen9q@youtu.be,United States,30158875543738
352,ekenton9r@plala.or.jp,Bosnia and Herzegovina,67591009530217988
353,odiboll9s@bing.com,Portugal,0604294348536814426
354,bareles9t@webmd.com,Cameroon,5641827244878457317
355,ghoffner9u@about.me,Poland,67629458158987065
356,cbeurich9v@msn.com,Indonesia,201976170447526
357,hrotham9w@newyorker.com,Honduras,5602246343266912
358,lyes9x@4shared.com,Russia,3554027543163353
359,igreenhead9y@360.cn,Albania,3589132845611486
360,schucks9z@miitbeian.gov.cn,Indonesia,3578740288464610
361,adeniskevicha0@topsy.com,Brunei,3569039492457176
362,rgodfraya1@foxnews.com,United States,3555893861486935
363,mcicculinia2@jalbum.net,Iran,3567792518959102
364,tcogzella3@slideshare.net,Nauru,3544036468130266
365,ralpesa4@ca.gov,China,3537963464194146
366,nfromonta5@ustream.tv,Costa Rica,3545930159830458
367,cwalentaa6@barnesandnoble.com,Ukraine,4913727698566250
368,nsaunierea7@forbes.com,Japan,3530470839824271
369,blindnera8@taobao.com,Kazakhstan,0604406069195567
370,pbridgera9@nih.gov,Russia,3551157158861224
371,gtraysaa@google.es,United States,5100142687684140
372,rhowlandab@jigsy.com,Madagascar,3538950391182228
373,mcapiniac@icio.us,Mexico,201598298884206
374,kbellwoodad@unc.edu,France,6759518815357018
375,wbriscamae@123-reg.co.uk,Russia,3580273109068002
376,tyvonaf@google.ca,Poland,3530412785309311
377,rmarplesag@devhub.com,China,060411313945040347
378,hmaccollah@blinklist.com,Indonesia,3589758631366099
379,iburnipai@ucsd.edu,Russia,3535309039180594
380,aglydeaj@angelfire.com,Czech Republic,5602252418984389
381,hdaidak@msn.com,Sri Lanka,337941533513213
382,btripletal@wikimedia.org,Poland,3548213942259658
383,adeavallam@freewebs.com,United States,3548970701207828
384,ahumphersonan@wordpress.com,Indonesia,4617511460001202
385,sslatenao@friendfeed.com,China,3568332988475922
386,mtoffaniniap@bing.com,Russia,4041596139493
387,wshobbrookaq@time.com,Croatia,3542186532018757
388,tshawar@hostgator.com,China,6759644885609214748
389,ibrimmanas@flickr.com,Uganda,3581518176990002
390,khardesat@tripod.com,Brazil,5641828805178237739
391,gshiersau@berkeley.edu,Canada,3556203833929039
392,egoodereav@ucsd.edu,Somalia,5403990393278753
393,hgudgeonaw@tripadvisor.com,China,3566312636504283
394,bcornhillax@mysql.com,China,3554436913445532
395,lgroveay@google.pl,China,67620876471092546
396,tmcinnesaz@cbc.ca,Portugal,201508526256671
397,gstappardb0@va.gov,United States,6372301228979455
398,aourryb1@sbwire.com,China,3532483551064396
399,lhapperb2@arizona.edu,Colombia,5464009430589266
400,lhurneb3@joomla.org,Sweden,3545013909560574
401,gwarrilowb4@sina.com.cn,United States,30027636079615
402,dborgeb5@google.it,South Africa,3565296691036367
403,gdowdellb6@ustream.tv,China,5602210602784890
404,jwadforthb7@house.gov,China,3585200934599161
405,pwisonb8@elpais.com,China,4844419572186330
406,rheinssenb9@abc.net.au,Ukraine,5010129191043565
407,abrockbankba@ning.com,Brazil,560225626157241674
408,ogreggorbb@hexun.com,Poland,3550833285891539
409,jolyfatbc@delicious.com,Indonesia,4917366221500068
410,ajarnellbd@jimdo.com,Slovenia,30385557347472
411,cthurstanbe@t-online.de,Indonesia,5610212458695477
412,igaviganbf@webnode.com,Poland,677170245241478833
413,atrehearnbg@businessinsider.com,Colombia,3573630116113528
414,rcattersonbh@livejournal.com,Colombia,3563015716699690
415,dpiburnbi@digg.com,United States,3565133496305111
416,rcreeberbj@house.gov,Kenya,4405183619181388
417,cpadsonbk@amazon.com,Croatia,3558395487012530
418,pstefanovicbl@csmonitor.com,Czech Republic,3554072247197323
419,dkingabybm@cornell.edu,China,3572706123622072
420,cmaccurleybn@hatena.ne.jp,Russia,3553578251144622
421,rfeirnbo@myspace.com,Poland,4508675661665362
422,dverillobp@smh.com.au,Slovenia,4917019328333632
423,cwyeldbq@reverbnation.com,Zambia,4917713991099799
424,bfarrinbr@google.de,Palestinian Territory,201988171472924
425,sdickensbs@accuweather.com,Guatemala,201746781094532
426,amanassbt@samsung.com,Indonesia,3531932006831255
427,lpavittbu@tinypic.com,China,633319912871691176
428,iosgerbybv@ucla.edu,China,4026329889605866
429,pdrennanbw@joomla.org,Russia,3538509479098464
430,hskellonbx@unesco.org,China,5602223809913907
431,aovanesianby@elpais.com,Czech Republic,3560312364463369
432,wfernehoughbz@pbs.org,Vietnam,63040230190457005
433,mcawsyc0@t.co,China,4903401969267707
434,rmcvityc1@baidu.com,Peru,30175836509558
435,awylderc2@cornell.edu,Poland,3542294613516291
436,deaklec3@fotki.com,Brazil,060489668565378245
437,tdesportec4@php.net,Panama,3565579019580715
438,wdelaundec5@europa.eu,Philippines,3576121466041284
439,mknolesc6@cpanel.net,Bangladesh,3585477454710796
440,ndonnettc7@posterous.com,China,3544601433227297
441,fshepheardc8@berkeley.edu,China,30167906990834
442,eaudissc9@youtube.com,Latvia,67617375737635854
443,nambrogioca@marriott.com,Greece,3576549320512456
444,dphilipotcb@biblegateway.com,China,3571441235671319
445,epantridgecc@slashdot.org,China,30001279965083
446,cofogertycd@hp.com,China,4844627197425327
447,pweddellce@scientificamerican.com,Argentina,3573012027351010
448,cneesoncf@dion.ne.jp,Philippines,676307734919032004
449,pstrettlecg@myspace.com,China,3563103809254902
450,tmilburnch@livejournal.com,Brazil,4508472899979926
451,kparrettci@desdev.cn,Slovenia,5602212465268562763
452,mraoulcj@amazon.de,Russia,4017955295282
453,bmeeck@cnbc.com,China,3543910281142529
454,ejoviccl@people.com.cn,Malaysia,4508112736408925
455,omaciaszczykcm@com.com,Zambia,6763640389653442426
456,cmomerycn@blogtalkradio.com,Thailand,5100147609875080
457,wbrandomco@storify.com,Indonesia,3563284372679640
458,mellandcp@opensource.org,Portugal,6771937134193826794
459,ihavercroftcq@elegantthemes.com,Poland,6709539872091580
460,kdeaguirrecr@goodreads.com,Cameroon,4936137742225007
461,lbuffcs@topsy.com,North Korea,372301647537432
462,cwillgossct@netscape.com,Indonesia,5602253097358192
463,oescoffiercu@discuz.net,Philippines,6304123474829747202
464,ecoleborncv@sakura.ne.jp,Bulgaria,4405927504848190
465,mzettlercw@rakuten.co.jp,Brazil,201885442171527
466,tfayecx@japanpost.jp,Poland,3582620246585835
467,jstanwixcy@twitpic.com,Finland,374622086789780
468,chastercz@elegantthemes.com,Indonesia,5610970646583620
469,bmanthad0@paginegialle.it,Indonesia,5602210964277640
470,npyfordd1@techcrunch.com,Macedonia,50380663717647903
471,skinchd2@example.com,China,4911242841455957
472,vdehooghd3@ycombinator.com,Sweden,560221055012606976
473,rshorbrookd4@freewebs.com,Japan,5453871255081338
474,beustaced5@apache.org,China,3541967891998072
475,echaveyd6@apple.com,China,5602243640636301
476,tlapsleyd7@gmpg.org,Tanzania,4175003380036801
477,khaird8@simplemachines.org,Zambia,5048377585350023
478,lesbergerd9@ifeng.com,China,3584854832852535
479,mworstallda@illinois.edu,Mexico,4911871141267926
480,rschulzdb@netscape.com,China,3558582011049886
481,tcristofoldc@scientificamerican.com,Canada,3544981537053132
482,mcovelydd@intel.com,Latvia,3536628396693322
483,abarrusde@paypal.com,Portugal,6304087731305329
484,koglethorpedf@constantcontact.com,Poland,3534462175511550
485,shickinbottomdg@livejournal.com,Greece,3530761416270817
486,ofrostickdh@list-manage.com,Peru,3585650645086256
487,pcockshootdi@booking.com,Czech Republic,374283589391879
488,adeexdj@domainmarket.com,Indonesia,6304363611150659717
489,hcolebydk@tinyurl.com,Brazil,3581247669426528
490,brudsdelldl@netscape.com,Vietnam,30218332397449
491,rswaingerdm@usatoday.com,China,3557910155398234
492,isomerfielddn@yolasite.com,Brazil,3580452089025964
493,rfulkdo@wordpress.com,Ukraine,3538154895762219
494,ccobbingdp@liveinternet.ru,Poland,3571303312892251
495,mhanburrydq@google.com.au,Colombia,3562957617137836
496,nmccurtaindr@ebay.com,Peru,337941205888273
497,dorodaneds@go.com,Norway,3534785182354683
498,igowendt@yahoo.com,Indonesia,3581926386262791
499,tmcguineydu@umich.edu,China,3536126437484306
500,wsieghartdv@ftc.gov,Japan,3567837965429313
501,atrymedw@bizjournals.com,Slovenia,4913125930380913
502,jkilaleadx@github.io,China,3562977059425416
503,bdmitrienkody@prweb.com,El Salvador,374288712802064
504,eshevlandz@de.vu,Yemen,3575167189703594
505,zmarrowe0@pinterest.com,China,3547789658053659
506,gshowere1@wunderground.com,Malaysia,201400113162332
507,bcockreme2@paginegialle.it,China,30241224209886
508,rosbande3@yolasite.com,China,3561883968931539
509,gmacdonoghe4@ucoz.com,Ukraine,3589835230698377
510,theathorne5@mapquest.com,Czech Republic,4844482847256247
511,tgouldstrawe6@gov.uk,Canada,3569293289707539
512,dadelmane7@163.com,Mauritius,6304206101433251
513,mkleinee8@chron.com,Ukraine,5108753806291245
514,rvolke9@shinystat.com,Ireland,337941823811913
515,dsalomonea@abc.net.au,China,5602239354141751
516,iadrianeb@exblog.jp,Indonesia,3552921251627496
517,clinzeyec@ted.com,Portugal,3531586099800526
518,daggotted@spiegel.de,Chad,201876254272420
519,bdulantyee@amazon.de,Colombia,6333512922329361
520,lpimleyef@prweb.com,Czech Republic,347907234879060
521,agirardeg@loc.gov,China,3535798771040869
522,mmaveneh@lycos.com,Brazil,3575541750059539
523,ebrombyei@washingtonpost.com,Brazil,5588578563788433
524,belgieej@si.edu,China,3571901358597799
525,gdelafieldek@twitter.com,Portugal,3541865990928760
526,mbeynknel@rediff.com,Tanzania,201629147679107
527,krudlandem@sbwire.com,Czech Republic,3575235638106006
528,scattermoulen@admin.ch,Bangladesh,5100179283552586
529,lburdouneo@cam.ac.uk,Zambia,3546015926944045
530,lgosseep@theglobeandmail.com,Canada,3528065382989945
531,mcrouteareq@google.ca,Indonesia,06046092990059016
532,glightbodyer@google.co.uk,Latvia,5100175237929060
533,gpieraccies@wikimedia.org,Japan,503854610344019274
534,cmackerethet@is.gd,Peru,30166887181751
535,jkarolczykeu@plala.or.jp,China,3533846927145520
536,ajanowiczev@un.org,France,6304533168018877
537,schilesew@wikipedia.org,France,201463126547386
538,cgathwaiteex@google.ru,Peru,6334935678988248
539,sdonaney@weather.com,Netherlands,3569777534782131
540,tpittfordez@icio.us,Thailand,4508284167110815
541,bchessumf0@ustream.tv,Mexico,4905374445252684
542,lchattersf1@adobe.com,Honduras,5100170542574651
543,ksimkovitzf2@cnbc.com,Philippines,3565357749009861
544,mmaddyf3@blogtalkradio.com,Honduras,3576696642218872
545,cmarusikf4@acquirethisname.com,China,3544670352825019
546,wkinceyf5@businesswire.com,United States,490526788893356244
547,ttudballf6@craigslist.org,Peru,3531715808556356
548,svittoref7@google.es,China,3544646728655660
549,kmacchaellf8@xing.com,Poland,5542795447001644
550,kkearnsf9@bigcartel.com,Sweden,4175008708715127
551,trobertisfa@virginia.edu,Japan,3586674090844984
552,gsanpherfb@e-recht24.de,France,3558333586713898
553,wpietronifc@lycos.com,Philippines,3552465388632409
554,tclemsonfd@webnode.com,Portugal,6304136604430611539
555,fsibyllafe@blogtalkradio.com,Indonesia,3542400282608539
556,hhebdonff@shinystat.com,China,6771642694454391
557,dcarlesifg@harvard.edu,Cuba,5893350686808153
558,nportugalfh@typepad.com,Argentina,6375992411287180
559,aastlefi@yahoo.com,France,5602226626256350
560,cbailsfj@multiply.com,France,5108753755789306
561,jbraddockfk@sciencedaily.com,Sweden,3553527067448131
562,cnurnyfl@senate.gov,Indonesia,6374552998353416
563,mkeeneyfm@disqus.com,Honduras,3534379942745255
564,pdaensfn@sun.com,Poland,3549255876843402
565,dsheachfo@sogou.com,China,3546544223411366
566,rwantfp@over-blog.com,Honduras,30370552346869
567,tshoutfq@nyu.edu,Poland,5007667624296164
568,acraykefr@sciencedirect.com,United States,5108752912659345
569,hdrowsfieldfs@moonfruit.com,Indonesia,30040704839869
570,mgillogleyft@odnoklassniki.ru,United States,3569442014042866
571,tbatthewfu@joomla.org,Indonesia,3577966700343543
572,aghionfv@delicious.com,Turkey,3530812233706796
573,gratledgefw@japanpost.jp,Cuba,3567331833822602
574,blemeryfx@blogtalkradio.com,Indonesia,6761452222792089611
575,aconerdingfy@yellowbook.com,Russia,5100130952284886
576,kdumiganfz@mashable.com,Argentina,3571732358358837
577,phansg0@time.com,Philippines,3564449250931806
578,bcraftsg1@utexas.edu,Russia,4844382993750862
579,fpetraitisg2@indiegogo.com,France,372301380763765
580,bpealingg3@disqus.com,Bulgaria,5002359366777313
581,djeskeg4@t.co,Japan,30248736457101
582,wgabeg5@ed.gov,Japan,3589848888626780
583,rheymesg6@mediafire.com,Denmark,56022413980381918
584,ascullardg7@mlb.com,China,561040295638538453
585,hyearng8@icq.com,Ireland,3574749363078439
586,lcereceresg9@studiopress.com,Russia,3561682891063885
587,lgrelakga@opera.com,Philippines,3531597619488619
588,bfevergb@mayoclinic.com,Peru,5602230679003081
589,gjeskinsgc@skyrock.com,Madagascar,3573466111060749
590,gspradbrowgd@4shared.com,Afghanistan,4041597278467160
591,ebowshirege@clickbank.net,Portugal,4508370227307952
592,hmathissengf@facebook.com,Indonesia,201649449853051
593,jprovergg@time.com,Panama,560222926162273644
594,dtosneygh@networksolutions.com,Russia,3567296413165617
595,udedmamgi@dailymail.co.uk,Sweden,3554925723374411
596,cwardengj@cmu.edu,Philippines,5010122199969907
597,idumphrygk@indiegogo.com,Benin,5641821937497439
598,mgoodlettgl@ed.gov,United States,491134644478135309
599,dbortolettigm@odnoklassniki.ru,Ukraine,56022172332391716
600,dyarhamgn@theguardian.com,Indonesia,347459205996200
601,cpoolego@themeforest.net,Japan,370585961005560
602,oochterlonygp@ycombinator.com,Russia,3556604110718971
603,sgarygq@mozilla.com,Portugal,4405354341552978
604,lkobeltgr@paginegialle.it,China,3548082019140251
605,dnaisbittgs@icq.com,China,3544678184091288
606,nahrengt@mtv.com,Indonesia,3564767850168069
607,cpaolozzigu@mashable.com,Croatia,3532221822848381
608,agilmourgv@hatena.ne.jp,China,201890459202306
609,jhendersongw@yellowpages.com,Colombia,3576880747735671
610,pladymangx@blogs.com,Colombia,337941265612126
611,ttallongy@dailymail.co.uk,Malaysia,6304594720986282
612,jtooveygz@yahoo.co.jp,Afghanistan,4041375936481
613,ncourtneyh0@dmoz.org,Netherlands,5100143620503272
614,jgatlandh1@jiathis.com,Indonesia,6771995429478231853
615,ljacquemoth2@mail.ru,China,5602241371189482
616,oaldissh3@is.gd,Netherlands,3574652607051560
617,jastleyh4@infoseek.co.jp,Czech Republic,3572616388602646
618,dfavellh5@disqus.com,Poland,3546359816657527
619,omaclarenh6@jimdo.com,Zambia,3556913466586944
620,hdooleyh7@salon.com,Albania,3577399652312011
621,fcorstanh8@flickr.com,Indonesia,5428170545609558
622,zsodah9@yahoo.co.jp,Poland,374622253051956
623,cpillerha@mysql.com,China,30418314832799
624,afilisovhb@prweb.com,Portugal,3581775325349965
625,iaubinhc@reuters.com,Sweden,4911585608018380201
626,bpaumierhd@instagram.com,Ukraine,30138126394107
627,lbeernthe@ca.gov,Palestinian Territory,5560566339692304
628,bgrimsterhf@yandex.ru,Russia,3550467925338476
629,esquibehg@examiner.com,Afghanistan,30476624846255
630,cstangoehh@163.com,Serbia,5048371636800375
631,rleemanshi@wufoo.com,China,3559570846493147
632,vstroodhj@uiuc.edu,Peru,3535440506250774
633,cstollwerkhk@a8.net,Brazil,3528301145102603
634,scomiskeyhl@nih.gov,Poland,3543428181378788
635,lcatorhm@t-online.de,Russia,372301517999118
636,achadbournehn@cmu.edu,South Africa,201760290560420
637,jmaccraeho@sitemeter.com,Poland,3581784413199738
638,ecuttellhp@hao123.com,China,30501238854252
639,nrigmandhq@house.gov,Venezuela,349190208312842
640,bwiltsherhr@booking.com,Mongolia,3553097779904003
641,gpachehs@techcrunch.com,Philippines,341921920369928
642,dslorachht@webeden.co.uk,Argentina,6390168484759196
643,mbartosinskihu@nydailynews.com,Czech Republic,4508072790620189
644,irickerseyhv@ihg.com,United States,3574645400369171
645,aserckhw@seattletimes.com,France,201482286673915
646,btipenshx@hud.gov,Portugal,30078441978947
647,bthurbonhy@addtoany.com,Indonesia,5602259951430290
648,hmaniehz@boston.com,China,201979792848758
649,mfiskei0@omniture.com,Peru,374283939474094
650,dchappelowi1@noaa.gov,Greece,5610215094150807
651,hcubboni2@nba.com,Indonesia,5602251768777120
652,kfarnhami3@scribd.com,Ukraine,4905779207743626471
653,rmargetti4@simplemachines.org,Finland,3566400792763114
654,ggonnellyi5@webeden.co.uk,Indonesia,630437686855470772
655,cpetrinai6@gizmodo.com,Peru,5048374799751146
656,tpountneyi7@sciencedirect.com,Bosnia and Herzegovina,3560833654115526
657,kdreschleri8@senate.gov,China,344245270429794
658,tpeintoni9@arizona.edu,United States,4017954471949140
659,smaudsonia@angelfire.com,China,6762388309417891
660,ncraigheidib@deliciousdays.com,Philippines,0604512189577972335
661,gdurningic@ebay.co.uk,Indonesia,6379889927100715
662,agahaganid@spotify.com,China,4115407054156
663,rcasinie@parallels.com,Latvia,3564291676530170
664,wmoxomif@wordpress.org,Brazil,201897132162088
665,mbrahamsig@cornell.edu,Indonesia,3574594682001831
666,ghawsonih@yahoo.com,Russia,337941306466201
667,cbundyii@gizmodo.com,Philippines,5010122969976207
668,mhucksij@cocolog-nifty.com,Afghanistan,4017952626497
669,csteinsonik@ucoz.ru,Brazil,676315316071755257
670,godreainil@hostgator.com,Afghanistan,676318851575097803
671,smandresim@pcworld.com,Czech Republic,5443673005543028
672,cpleasauncein@google.ca,United States,3574112056013744
673,wrosenio@facebook.com,Croatia,3543533781874688
674,rgeekinip@parallels.com,Indonesia,30152654930992
675,baggissiq@umn.edu,Poland,6373240509219497
676,fscopesir@opensource.org,Portugal,3583109825969379
677,dkielyis@utexas.edu,Indonesia,337941892394775
678,ezuanelliit@independent.co.uk,Indonesia,201721391073937
679,bcarnieiu@mayoclinic.com,China,56022459507856882
680,gwellingsiv@discuz.net,Serbia,3547335923999944
681,tpirtiw@goo.ne.jp,Thailand,5641826965885742983
682,bmacbainix@moonfruit.com,Colombia,3573081935600628
683,ajeavonsiy@cnn.com,Mexico,5432935323024707
684,kzamboniniiz@cam.ac.uk,Croatia,30179675167734
685,rohrtj0@spiegel.de,Niger,3563492674976743
686,eshwalbej1@networksolutions.com,Thailand,4405862762446173
687,lcantj2@theatlantic.com,Portugal,56022547299307963
688,cbisacrej3@desdev.cn,Indonesia,3581524650292071
689,rfardyj4@goo.gl,France,5100147991154177
690,eyudej5@delicious.com,Ukraine,630425187527335950
691,bbartzenj6@marriott.com,Palestinian Territory,36884905814005
692,ltidswellj7@shop-pro.jp,Russia,201950256844963
693,grobertsj8@bizjournals.com,China,5602215000316609
694,bjandlj9@apache.org,Serbia,491169368653631217
695,mcossorja@archive.org,United Kingdom,5199039121950933
696,cliberojb@youtu.be,Thailand,3532924675113411
697,ctitmusjc@globo.com,Comoros,3547622608885542
698,kblackstockjd@redcross.org,China,5602253802680039
699,syuryichevje@hatena.ne.jp,China,5048378568310281
700,hkenderjf@chicagotribune.com,Indonesia,374288654541076
701,mbattabeejg@mit.edu,China,3540349030162996
702,ythunnerclefjh@zimbio.com,United States,3579125434902383
703,awestwaterji@nsw.gov.au,China,6759488717497555933
704,kdurbinjj@biblegateway.com,China,3558806624738530
705,pcastelowjk@naver.com,Peru,4405801994246944
706,hparradicejl@who.int,Philippines,5602213953926342
707,mmulvihilljm@jugem.jp,Indonesia,30321850049952
708,sbarringtonjn@ucsd.edu,Poland,3560447592891674
709,ecayetjo@mac.com,Albania,3555700859544668
710,sbuffyjp@webs.com,United States,30011499091479
711,kbutterlyjq@hp.com,Portugal,4917432111677547
712,mwalthojr@cloudflare.com,Honduras,490518551188026546
713,twheelikerjs@virginia.edu,China,201601649144104
714,bladburyjt@whitehouse.gov,Indonesia,3548673105698549
715,choudhuryju@amazon.co.uk,Indonesia,342202817559593
716,gduckworthjv@mediafire.com,Russia,490548297631831009
717,jgotcliffjw@nasa.gov,France,6385196622487559
718,dgriswoodjx@epa.gov,Ukraine,3560385984236969
719,astainingjy@rediff.com,China,4508935493770198
720,gsearyjz@fda.gov,China,3571082171616643
721,cbricknerk0@stumbleupon.com,Sweden,3580233840684517
722,cmousbyk1@ehow.com,Japan,4017952524540155
723,rbedburrowk2@google.nl,Poland,374288079954698
724,amilkink3@yellowbook.com,United States,3578886986876041
725,valeksankovk4@shareasale.com,Philippines,374622947991534
726,hfreebornk5@blogspot.com,Greece,3569484353069100
727,hculshewk6@paypal.com,Costa Rica,5038852854568390
728,ysinclairk7@accuweather.com,Colombia,3552395985037597
729,dedgintonk8@cnbc.com,Portugal,5100179110582855
730,amaldenk9@cam.ac.uk,Indonesia,4844342796650990
731,bwraighteka@state.gov,Indonesia,3563864378939831
732,sstrephankb@salon.com,Indonesia,6767093554539171068
733,capplefordkc@google.pl,Central African Republic,633319611359228119
734,aevershedkd@loc.gov,China,3528048213635689
735,slurrimanke@bbc.co.uk,China,3570107406656808
736,glaimablekf@lulu.com,Macedonia,3546796610874206
737,canthillkg@xinhuanet.com,China,3536660098109018
738,ffansykh@blog.com,Indonesia,3571493196974513
739,lfernezki@jimdo.com,Ireland,3539654618267031
740,abysakerkj@altervista.org,Brazil,5602259116957542
741,rmaddiekk@networkadvertising.org,Slovenia,5602213475412920
742,mraywoodkl@opera.com,Nigeria,6767730030533634
743,gsolekm@sciencedirect.com,Thailand,3557608576541040
744,lfantonkn@twitpic.com,Egypt,30348623213045
745,tluttgerko@aol.com,Indonesia,5520189507382050
746,jsealskp@msu.edu,Vietnam,3535707171328667
747,bklishinkq@businesswire.com,Russia,3568002997592401
748,lcotmorekr@businessweek.com,France,5532905886915103
749,rdufrayks@pen.io,China,3573057947040359
750,rsywellkt@51.la,Cameroon,3585495992759968
751,ikerfutku@fda.gov,Indonesia,201856205312665
752,mlebatteurkv@paypal.com,Argentina,3530644995260237
753,swhimperkw@trellian.com,Yemen,3580387777315816
754,clambotkx@constantcontact.com,Philippines,3548136660629051
755,bwycheky@yelp.com,Hungary,490500665623866389
756,dbeldomkz@dagondesign.com,China,3564803231750901
757,cdundonl0@myspace.com,Brazil,6763877726762325790
758,jactonl1@ted.com,Philippines,3569337103452978
759,tcrombl2@sohu.com,China,3580627066125487
760,ktysalll3@jugem.jp,Portugal,3545279596279923
761,kdredgel4@nasa.gov,Greece,3551923934395856
762,kgeldefordl5@businesswire.com,Russia,3534538065195495
763,rpoutonl6@hc360.com,United States,3573780698367222
764,gsynckel7@buzzfeed.com,Indonesia,50380209116362221
765,tsterzakerl8@51.la,Finland,30306799557843
766,hwallentinl9@issuu.com,China,5641827280289190
767,hpalinla@php.net,Ukraine,6387808700712413
768,kflounderslb@dropbox.com,Portugal,3565481096805430
769,credwoodlc@zimbio.com,Indonesia,5610039744098442
770,bscallyld@issuu.com,South Korea,5382474408199713
771,dandrolettile@sogou.com,Canada,4026170884061220
772,spettifordlf@columbia.edu,Portugal,5602220844195243
773,bmantzlg@cyberchimps.com,Syria,5100149076611246
774,cdowdalh@google.es,Sweden,4936597058852989928
775,bgartanli@theatlantic.com,Russia,3545580820866413
776,mbristolj@webeden.co.uk,Brazil,3529457295877631
777,bbarendslk@weather.com,China,630487823965521272
778,cdelafeldll@quantcast.com,Mexico,561057126111615023
779,ecroalllm@slashdot.org,China,201550493046974
780,lroelofsln@guardian.co.uk,Argentina,5100173645735195
781,ssapirlo@samsung.com,Indonesia,3550720499322544
782,ilovittlp@tuttocitta.it,Sweden,4903902044429170
783,rhubandlq@smugmug.com,Russia,371710835209573
784,bguppeylr@dmoz.org,Thailand,5641820757141200
785,sloaderls@example.com,Lithuania,3586255954674210
786,mmatveikolt@imdb.com,Croatia,5002350200526651
787,jspeakelu@netscape.com,Ireland,676209077492370709
788,ikaruslv@latimes.com,Russia,5602237858330813
789,mpresdeelw@narod.ru,China,3551847480972893
790,gmingeylx@newyorker.com,Serbia,3570823182505221
791,ccheesmanly@reddit.com,China,3581865473014196
792,rvogelerlz@taobao.com,Portugal,30526665801120
793,bkhristoforovm0@booking.com,Colombia,3555059066373696
794,dtrottonm1@123-reg.co.uk,Japan,5100142882462482
795,mferrynm2@symantec.com,France,3564032408385602
796,wnorthcottm3@tumblr.com,Brazil,3547401771733965
797,ljackettsm4@webmd.com,China,3547369906485910
798,tfrainem5@house.gov,China,201637234389761
799,flangeleym6@t.co,Russia,3564785319757926
800,sbeattiem7@quantcast.com,Russia,3534295684552701
801,hbiddulphm8@4shared.com,Peru,3587889468218293
802,brookem9@illinois.edu,Slovenia,5602243811678421
803,sdougalma@indiatimes.com,France,3536010175708003
804,lpassomb@cnbc.com,Philippines,3580904189820363
805,vpulstermc@thetimes.co.uk,Peru,3548729462899706
806,ccawkillmd@princeton.edu,China,3565957000921587
807,asaddlerme@japanpost.jp,Argentina,6706387164620012388
808,fbeatonmf@friendfeed.com,France,3589193387572304
809,oreynermg@oakley.com,China,6374499178052626
810,atowseymh@behance.net,Mexico,3585851100785081
811,isparhammi@yellowbook.com,China,4041594705295249
812,jcottommj@twitpic.com,Vietnam,30576506875247
813,qtesseymanmk@nsw.gov.au,Nigeria,6333492829898892910
814,ebonallackml@dot.gov,China,3579184539214129
815,lelvenmm@diigo.com,Afghanistan,560223315169683204
816,djanodetmn@123-reg.co.uk,Chile,5415372066025843
817,pdunthornmo@networkadvertising.org,China,6304299126505617
818,joldenmp@sitemeter.com,Greece,3538190706223645
819,jwintlemq@google.de,Cuba,3559870642949734
820,rtythacottmr@dropbox.com,Philippines,3588158665756102
821,lifillms@cam.ac.uk,Yemen,30227426643394
822,mkerssmt@jiathis.com,Indonesia,201657312250297
823,jmomerymu@odnoklassniki.ru,Zimbabwe,6304073072963108
824,gduredenmv@odnoklassniki.ru,China,3544634273246143
825,fwhymarkmw@xrea.com,Morocco,4913644309366196
826,mdomercmx@bloomberg.com,China,4913665833103573
827,llengthornmy@unc.edu,Indonesia,3537991754357834
828,dkrishtopaittismz@godaddy.com,Cuba,36132141511211
829,jmclorinann0@comsenz.com,Philippines,4903392870887420
830,bbarochn1@netvibes.com,China,5100130617111284
831,shornungn2@ca.gov,China,56022582194450766
832,vdimitrescon3@google.pl,China,3549272522061073
833,hnealandn4@scientificamerican.com,Bulgaria,3577821053197196
834,ymealen5@wikimedia.org,France,3538097034682766
835,gmaccarranen6@pen.io,United States,3581419601729125
836,jtejeron7@de.vu,Brazil,3568521447718217
837,mbartusekn8@twitpic.com,China,374283320832686
838,lwharramn9@hugedomains.com,Brazil,3531674886721848
839,hclampinna@arstechnica.com,Uzbekistan,6763456501635959516
840,bstudnb@noaa.gov,Brazil,4508115710336913
841,btuplinnc@google.it,Poland,3531525310153844
842,wmardellnd@ucoz.ru,Ireland,5010122216160886
843,jcristoforine@edublogs.org,Egypt,3550489066689731
844,fvuittonnf@ox.ac.uk,Thailand,3541273983685044
845,slippingwellng@qq.com,Somalia,3558867104140969
846,mdeddennh@jalbum.net,Indonesia,5641829366772560850
847,bmcswanni@reddit.com,Bahrain,561066434278294122
848,alovelandnj@jalbum.net,China,5018917065408157024
849,sdraiseynk@is.gd,China,67598330430416550
850,kfurnessnl@mapy.cz,Japan,3586809521432898
851,loldmannm@wufoo.com,Brazil,3565461177674707
852,kalannn@webnode.com,United States,5100132234509668
853,aghilardinino@ox.ac.uk,Costa Rica,3534134641351461
854,jrolinnp@privacy.gov.au,Russia,6771193983624518
855,iarchiboldnq@wordpress.com,Poland,3587884797634047
856,lquiddintonnr@wordpress.com,Russia,5602222216730482
857,msherebrookns@cornell.edu,Argentina,5048379769681553
858,fbiasionint@yandex.ru,China,3556473298045460
859,dreckenu@alexa.com,China,5508757017363939
860,hmcraveynv@thetimes.co.uk,China,3567044897323504
861,jlinklaternw@artisteer.com,Philippines,342575085518213
862,rsumpternx@shutterfly.com,United States,67093915621778709
863,gthomersonny@topsy.com,France,676331834660880906
864,bkirwoodnz@xing.com,Poland,30249795885307
865,avasilyevskio0@cbsnews.com,China,30204443796349
866,kconnewo1@com.com,China,3541925514309861
867,omcgarvieo2@wufoo.com,United States,201576311167783
868,kzupoo3@issuu.com,Nigeria,30388430490964
869,cferrieso4@seattletimes.com,Portugal,630488051960570057
870,rpensomo5@biglobe.ne.jp,Russia,3581567804884392
871,bdandyo6@github.io,Vietnam,3554116554864858
872,agumaryo7@baidu.com,Russia,3542299506493110
873,eosemano8@cdbaby.com,Nigeria,56022437963109996
874,godeegano9@berkeley.edu,Mexico,3548604744222334
875,hashtonhurstoa@zdnet.com,Russia,4041597419761
876,sdalliwaterob@fc2.com,China,6771214732824993695
877,sastburyoc@google.ru,Sweden,4026285058467910
878,vtissimanod@irs.gov,Russia,4917953056781093
879,gyanezoe@eepurl.com,Indonesia,5007665547339566
880,cfeldmesserof@lulu.com,Portugal,676266906990718706
881,dortegaog@moonfruit.com,Norway,6763535761956076
882,kcartneroh@dmoz.org,Latvia,3562507139293425
883,ktocqueoi@foxnews.com,Ethiopia,4041593587010403
884,nstuttoj@multiply.com,Burkina Faso,676732683885998364
885,lfoanok@adobe.com,Indonesia,5100179405067083
886,dvedishchevol@un.org,Philippines,4910309957401
887,mgiblingom@jugem.jp,United States,4026052189111415
888,cwinbornon@soundcloud.com,Philippines,3536441076105272
889,akleinhausenoo@bloglines.com,Chile,374283485060529
890,ccolquittop@home.pl,China,5109395558298116
891,rmatuszykoq@independent.co.uk,Syria,6333902726161179
892,jsheaberor@telegraph.co.uk,Russia,3560866871316543
893,ipietzkeos@alexa.com,Greece,377844557891468
894,estuckleyot@fotki.com,Yemen,3550939796462007
895,skingabyou@tuttocitta.it,China,379089318120322
896,sbowtonov@ted.com,Philippines,3585369184231575
897,kchelnamow@etsy.com,Russia,201629523785882
898,maskellox@ehow.com,Czech Republic,30571851145924
899,charleyoy@163.com,China,6761981886522439
900,rgreatbanksoz@cyberchimps.com,Philippines,5188703989402773
901,naleksankovp0@amazon.co.jp,Nepal,3570832091680629
902,jlemonnierp1@house.gov,Russia,5602230947280925
903,pzanardiip2@seattletimes.com,Ireland,3552650953044326
904,pchanningp3@imgur.com,China,564182929515184369
905,bgermainep4@woothemes.com,Philippines,4041370313082976
906,struettp5@answers.com,Croatia,6334272244710983
907,echristalp6@4shared.com,China,3559770429277210
908,pwordsleyp7@utexas.edu,United States,3532623507398394
909,fvanhesterenp8@unicef.org,Russia,3547712229899277
910,gdovingtonp9@blogspot.com,Brazil,6331107042971630
911,wadrianellopa@microsoft.com,Sierra Leone,3556307570622135
912,hwintringhampb@constantcontact.com,China,6771895890821643584
913,cvizepc@myspace.com,France,3569136417985214
914,asherrockpd@squidoo.com,Indonesia,5100138890817576
915,ablakesleype@ucla.edu,China,5112573963414016
916,kpaumierpf@ihg.com,Indonesia,560224963300406206
917,eventumpg@opensource.org,Mexico,6304739178797810
918,dmelleyph@clickbank.net,China,5108752700248988
919,vmccleanpi@fastcompany.com,Peru,3552271459480995
920,ksholempj@twitter.com,Argentina,201944864394933
921,lmctearpk@weather.com,Japan,3530251017670532
922,vkilcoynepl@printfriendly.com,Sweden,3570598934050565
923,dvongrollmannpm@xinhuanet.com,Sweden,3569588767780431
924,ijillingspn@symantec.com,Colombia,3554034916209946
925,eshackelpo@nationalgeographic.com,China,56022400810519684
926,ekurespp@sbwire.com,China,5602256603309930
927,neddispq@istockphoto.com,Japan,5610666383791208
928,zdawkinspr@oaic.gov.au,Portugal,3540413949349191
929,mnestorps@soup.io,Croatia,30570618713172
930,jboumphreypt@friendfeed.com,Poland,58939687128653258
931,akryskapu@theglobeandmail.com,Albania,30504461241973
932,htremathackpv@weibo.com,Czech Republic,3568062837561552
933,mwylemanpw@phoca.cz,Democratic Republic of the Congo,5541492417181553
934,aperingpx@vk.com,China,676114819728466601
935,rhearlepy@dropbox.com,Guinea,5602219107341593
936,lcowlardpz@umich.edu,Portugal,6759222744788167
937,jshyreq0@weebly.com,United States,50185540651370790
938,acheatleq1@cornell.edu,Belgium,5007668930860487
939,rsimoensq2@nifty.com,El Salvador,3544864243399298
940,aeiteq3@wunderground.com,Indonesia,5602253160812026
941,aligginsq4@dyndns.org,China,3582624288422014
942,lmarlq5@flickr.com,United States,5424351496308390
943,rgilkisonq6@tumblr.com,Indonesia,3551698821211297
944,kpendleberyq7@virginia.edu,Panama,4041379026057076
945,pkerq8@ycombinator.com,China,4936655585303383
946,aorpenq9@miibeian.gov.cn,Philippines,5108756320522847
947,abrighamqa@example.com,Morocco,5048373103505636
948,juttingqb@huffingtonpost.com,Peru,3565763535668952
949,aaubreyqc@japanpost.jp,Russia,3589418613805750
950,hrubertqd@cloudflare.com,Syria,3571905968932684
951,etattooqe@netlog.com,Philippines,3564864944828145
952,bscattergoodqf@blog.com,Vietnam,3528402971739128
953,dmartinsonqg@cloudflare.com,France,6333209596028711039
954,gabelwhiteqh@indiatimes.com,Cuba,3555047960445520
955,bantrimqi@opensource.org,Kenya,6333417049458090555
956,gpetrovskyqj@cocolog-nifty.com,China,3542234330716642
957,treddochqk@vistaprint.com,Czech Republic,6304573981352590
958,bwalkdenql@hostgator.com,United States,3559755637043470
959,jmacterlaghqm@livejournal.com,Indonesia,3578401916501048
960,pkaindlqn@boston.com,Finland,6333104436151034
961,nkennaqo@imgur.com,China,337941101757408
962,stempestqp@marriott.com,Kazakhstan,6304603201625127
963,sdebernardiqq@cam.ac.uk,Poland,374283929216570
964,gadamovitzqr@si.edu,Portugal,374288894945301
965,ipowysqs@posterous.com,Thailand,3574033825483929
966,dpepperillqt@npr.org,Greece,5589415625284383
967,cjanauschekqu@ehow.com,Poland,201943744285535
968,jbenediktssonqv@amazon.co.jp,United States,5144102571034099
969,fcarnachenqw@ameblo.jp,Panama,67096971454327558
970,cquinqx@nydailynews.com,Russia,342502478673611
971,fjohnsqy@cnet.com,Yemen,5108754734587050
972,rmacrinnqz@ebay.co.uk,Ethiopia,337941783940132
973,jofarrellr0@netlog.com,Mexico,6762769667523786
974,vmaticr1@infoseek.co.jp,China,3574498915298299
975,mchatenierr2@theatlantic.com,China,5007660670583049
976,fyegorovr3@nsw.gov.au,Mauritius,67595028658047049
977,dimlachr4@ehow.com,Greece,5602243696959227
978,jbradyr5@ed.gov,Philippines,3555726148841367
979,tliddicoatr6@shinystat.com,United States,6389672885887681
980,mflowethr7@biblegateway.com,Philippines,4917045342038253
981,jlyner8@tripod.com,Indonesia,3542196016272127
982,gposnerr9@sina.com.cn,Brazil,3559598970662088
983,shearonra@deliciousdays.com,Portugal,4844289092820167
984,efredarb@yolasite.com,France,560221283294620958
985,lwitterickrc@unesco.org,Brazil,3580714498803996
986,mpunterrd@oakley.com,Palestinian Territory,561027002540748510
987,mblethinre@printfriendly.com,Argentina,374287415026013
988,dstonhamrf@artisteer.com,Vanuatu,6331107541504197
989,cvanrossrg@columbia.edu,Argentina,3578330470872448
990,ewoolesrh@wikipedia.org,Ukraine,201966769708941
991,ymarkusri@ibm.com,Argentina,3585828340979732
992,dkleinplacrj@netlog.com,Guatemala,3537058139956803
993,wsabatherk@biglobe.ne.jp,Sweden,3545967117794046
994,irisbierl@dagondesign.com,Philippines,5602229372645099
995,myanyushkinrm@studiopress.com,Brazil,3580173953635528
996,mbergstramrn@icio.us,Portugal,6761936005791983975
997,hcleimentro@seesaa.net,France,5610717807886007
998,rlambornerp@howstuffworks.com,Ukraine,3582950210603151
999,clandrethrq@oracle.com,Brazil,374288167964427
1000,rgilbeartrr@discuz.net,Russia,560225177483068290
